"12d2 -- Recidivism by gender, age, group of offences and sanction, 1990-2021",,,,
,,,,
Year,Gender,Age,Principal offence,"Convicted, number"
1990,Total,Total,Total,82235
1990,Total,15 - 17,Total,7503
1990,Total,18 - 20,Total,12111
1990,Total,21 - 24,Total,13354
1990,Total,25 - 29,Total,11668
1990,Total,30 - 39,Total,18601
1990,Total,40 - 49,Total,12511
1990,Total,50 - 59,Total,4522
1990,Total,60 - 69,Total,1549
1990,Total,70 - 79,Total,366
1990,Total,80 -,Total,50
1990,Males,Total,Total,73363
1990,Males,15 - 17,Total,6681
1990,Males,18 - 20,Total,10752
1990,Males,21 - 24,Total,11842
1990,Males,25 - 29,Total,10428
1990,Males,30 - 39,Total,16656
1990,Males,40 - 49,Total,11183
1990,Males,50 - 59,Total,4041
1990,Males,60 - 69,Total,1413
1990,Males,70 - 79,Total,326
1990,Males,80 -,Total,41
1990,Females,Total,Total,8872
1990,Females,15 - 17,Total,822
1990,Females,18 - 20,Total,1359
1990,Females,21 - 24,Total,1512
1990,Females,25 - 29,Total,1240
1990,Females,30 - 39,Total,1945
1990,Females,40 - 49,Total,1328
1990,Females,50 - 59,Total,481
1990,Females,60 - 69,Total,136
1990,Females,70 - 79,Total,40
1990,Females,80 -,Total,9
1990,Unknown,Total,Total,0
1990,Unknown,15 - 17,Total,0
1990,Unknown,18 - 20,Total,0
1990,Unknown,21 - 24,Total,0
1990,Unknown,25 - 29,Total,0
1990,Unknown,30 - 39,Total,0
1990,Unknown,40 - 49,Total,0
1990,Unknown,50 - 59,Total,0
1990,Unknown,60 - 69,Total,0
1990,Unknown,70 - 79,Total,0
1990,Unknown,80 -,Total,0
1991,Total,Total,Total,79889
1991,Total,15 - 17,Total,6561
1991,Total,18 - 20,Total,11259
1991,Total,21 - 24,Total,13110
1991,Total,25 - 29,Total,11961
1991,Total,30 - 39,Total,18245
1991,Total,40 - 49,Total,12396
1991,Total,50 - 59,Total,4518
1991,Total,60 - 69,Total,1476
1991,Total,70 - 79,Total,319
1991,Total,80 -,Total,44
1991,Males,Total,Total,71312
1991,Males,15 - 17,Total,5900
1991,Males,18 - 20,Total,10038
1991,Males,21 - 24,Total,11632
1991,Males,25 - 29,Total,10694
1991,Males,30 - 39,Total,16180
1991,Males,40 - 49,Total,11093
1991,Males,50 - 59,Total,4111
1991,Males,60 - 69,Total,1343
1991,Males,70 - 79,Total,283
1991,Males,80 -,Total,38
1991,Females,Total,Total,8577
1991,Females,15 - 17,Total,661
1991,Females,18 - 20,Total,1221
1991,Females,21 - 24,Total,1478
1991,Females,25 - 29,Total,1267
1991,Females,30 - 39,Total,2065
1991,Females,40 - 49,Total,1303
1991,Females,50 - 59,Total,407
1991,Females,60 - 69,Total,133
1991,Females,70 - 79,Total,36
1991,Females,80 -,Total,6
1991,Unknown,Total,Total,0
1991,Unknown,15 - 17,Total,0
1991,Unknown,18 - 20,Total,0
1991,Unknown,21 - 24,Total,0
1991,Unknown,25 - 29,Total,0
1991,Unknown,30 - 39,Total,0
1991,Unknown,40 - 49,Total,0
1991,Unknown,50 - 59,Total,0
1991,Unknown,60 - 69,Total,0
1991,Unknown,70 - 79,Total,0
1991,Unknown,80 -,Total,0
1992,Total,Total,Total,74980
1992,Total,15 - 17,Total,6071
1992,Total,18 - 20,Total,10009
1992,Total,21 - 24,Total,11973
1992,Total,25 - 29,Total,11396
1992,Total,30 - 39,Total,17285
1992,Total,40 - 49,Total,12277
1992,Total,50 - 59,Total,4271
1992,Total,60 - 69,Total,1396
1992,Total,70 - 79,Total,276
1992,Total,80 -,Total,26
1992,Males,Total,Total,67185
1992,Males,15 - 17,Total,5532
1992,Males,18 - 20,Total,8959
1992,Males,21 - 24,Total,10717
1992,Males,25 - 29,Total,10151
1992,Males,30 - 39,Total,15385
1992,Males,40 - 49,Total,11022
1992,Males,50 - 59,Total,3877
1992,Males,60 - 69,Total,1272
1992,Males,70 - 79,Total,248
1992,Males,80 -,Total,22
1992,Females,Total,Total,7795
1992,Females,15 - 17,Total,539
1992,Females,18 - 20,Total,1050
1992,Females,21 - 24,Total,1256
1992,Females,25 - 29,Total,1245
1992,Females,30 - 39,Total,1900
1992,Females,40 - 49,Total,1255
1992,Females,50 - 59,Total,394
1992,Females,60 - 69,Total,124
1992,Females,70 - 79,Total,28
1992,Females,80 -,Total,4
1992,Unknown,Total,Total,0
1992,Unknown,15 - 17,Total,0
1992,Unknown,18 - 20,Total,0
1992,Unknown,21 - 24,Total,0
1992,Unknown,25 - 29,Total,0
1992,Unknown,30 - 39,Total,0
1992,Unknown,40 - 49,Total,0
1992,Unknown,50 - 59,Total,0
1992,Unknown,60 - 69,Total,0
1992,Unknown,70 - 79,Total,0
1992,Unknown,80 -,Total,0
1993,Total,Total,Total,65792
1993,Total,15 - 17,Total,5295
1993,Total,18 - 20,Total,8784
1993,Total,21 - 24,Total,9665
1993,Total,25 - 29,Total,10187
1993,Total,30 - 39,Total,15167
1993,Total,40 - 49,Total,11286
1993,Total,50 - 59,Total,3815
1993,Total,60 - 69,Total,1324
1993,Total,70 - 79,Total,230
1993,Total,80 -,Total,39
1993,Males,Total,Total,58780
1993,Males,15 - 17,Total,4799
1993,Males,18 - 20,Total,7916
1993,Males,21 - 24,Total,8613
1993,Males,25 - 29,Total,9018
1993,Males,30 - 39,Total,13422
1993,Males,40 - 49,Total,10100
1993,Males,50 - 59,Total,3439
1993,Males,60 - 69,Total,1233
1993,Males,70 - 79,Total,203
1993,Males,80 -,Total,37
1993,Females,Total,Total,7012
1993,Females,15 - 17,Total,496
1993,Females,18 - 20,Total,868
1993,Females,21 - 24,Total,1052
1993,Females,25 - 29,Total,1169
1993,Females,30 - 39,Total,1745
1993,Females,40 - 49,Total,1186
1993,Females,50 - 59,Total,376
1993,Females,60 - 69,Total,91
1993,Females,70 - 79,Total,27
1993,Females,80 -,Total,2
1993,Unknown,Total,Total,0
1993,Unknown,15 - 17,Total,0
1993,Unknown,18 - 20,Total,0
1993,Unknown,21 - 24,Total,0
1993,Unknown,25 - 29,Total,0
1993,Unknown,30 - 39,Total,0
1993,Unknown,40 - 49,Total,0
1993,Unknown,50 - 59,Total,0
1993,Unknown,60 - 69,Total,0
1993,Unknown,70 - 79,Total,0
1993,Unknown,80 -,Total,0
1994,Total,Total,Total,61268
1994,Total,15 - 17,Total,4548
1994,Total,18 - 20,Total,8093
1994,Total,21 - 24,Total,8616
1994,Total,25 - 29,Total,9361
1994,Total,30 - 39,Total,14126
1994,Total,40 - 49,Total,10905
1994,Total,50 - 59,Total,3981
1994,Total,60 - 69,Total,1347
1994,Total,70 - 79,Total,260
1994,Total,80 -,Total,31
1994,Males,Total,Total,54524
1994,Males,15 - 17,Total,4115
1994,Males,18 - 20,Total,7347
1994,Males,21 - 24,Total,7711
1994,Males,25 - 29,Total,8230
1994,Males,30 - 39,Total,12479
1994,Males,40 - 49,Total,9591
1994,Males,50 - 59,Total,3572
1994,Males,60 - 69,Total,1221
1994,Males,70 - 79,Total,231
1994,Males,80 -,Total,27
1994,Females,Total,Total,6744
1994,Females,15 - 17,Total,433
1994,Females,18 - 20,Total,746
1994,Females,21 - 24,Total,905
1994,Females,25 - 29,Total,1131
1994,Females,30 - 39,Total,1647
1994,Females,40 - 49,Total,1314
1994,Females,50 - 59,Total,409
1994,Females,60 - 69,Total,126
1994,Females,70 - 79,Total,29
1994,Females,80 -,Total,4
1994,Unknown,Total,Total,0
1994,Unknown,15 - 17,Total,0
1994,Unknown,18 - 20,Total,0
1994,Unknown,21 - 24,Total,0
1994,Unknown,25 - 29,Total,0
1994,Unknown,30 - 39,Total,0
1994,Unknown,40 - 49,Total,0
1994,Unknown,50 - 59,Total,0
1994,Unknown,60 - 69,Total,0
1994,Unknown,70 - 79,Total,0
1994,Unknown,80 -,Total,0
1995,Total,Total,Total,61646
1995,Total,15 - 17,Total,4434
1995,Total,18 - 20,Total,8190
1995,Total,21 - 24,Total,8173
1995,Total,25 - 29,Total,9322
1995,Total,30 - 39,Total,14470
1995,Total,40 - 49,Total,11180
1995,Total,50 - 59,Total,4265
1995,Total,60 - 69,Total,1314
1995,Total,70 - 79,Total,272
1995,Total,80 -,Total,26
1995,Males,Total,Total,54682
1995,Males,15 - 17,Total,4007
1995,Males,18 - 20,Total,7401
1995,Males,21 - 24,Total,7342
1995,Males,25 - 29,Total,8203
1995,Males,30 - 39,Total,12590
1995,Males,40 - 49,Total,9889
1995,Males,50 - 59,Total,3805
1995,Males,60 - 69,Total,1184
1995,Males,70 - 79,Total,239
1995,Males,80 -,Total,22
1995,Females,Total,Total,6964
1995,Females,15 - 17,Total,427
1995,Females,18 - 20,Total,789
1995,Females,21 - 24,Total,831
1995,Females,25 - 29,Total,1119
1995,Females,30 - 39,Total,1880
1995,Females,40 - 49,Total,1291
1995,Females,50 - 59,Total,460
1995,Females,60 - 69,Total,130
1995,Females,70 - 79,Total,33
1995,Females,80 -,Total,4
1995,Unknown,Total,Total,0
1995,Unknown,15 - 17,Total,0
1995,Unknown,18 - 20,Total,0
1995,Unknown,21 - 24,Total,0
1995,Unknown,25 - 29,Total,0
1995,Unknown,30 - 39,Total,0
1995,Unknown,40 - 49,Total,0
1995,Unknown,50 - 59,Total,0
1995,Unknown,60 - 69,Total,0
1995,Unknown,70 - 79,Total,0
1995,Unknown,80 -,Total,0
1996,Total,Total,Total,59123
1996,Total,15 - 17,Total,4160
1996,Total,18 - 20,Total,7674
1996,Total,21 - 24,Total,7738
1996,Total,25 - 29,Total,8688
1996,Total,30 - 39,Total,13593
1996,Total,40 - 49,Total,11054
1996,Total,50 - 59,Total,4555
1996,Total,60 - 69,Total,1344
1996,Total,70 - 79,Total,270
1996,Total,80 -,Total,47
1996,Males,Total,Total,52612
1996,Males,15 - 17,Total,3725
1996,Males,18 - 20,Total,6933
1996,Males,21 - 24,Total,6936
1996,Males,25 - 29,Total,7653
1996,Males,30 - 39,Total,11922
1996,Males,40 - 49,Total,9836
1996,Males,50 - 59,Total,4073
1996,Males,60 - 69,Total,1250
1996,Males,70 - 79,Total,240
1996,Males,80 -,Total,44
1996,Females,Total,Total,6511
1996,Females,15 - 17,Total,435
1996,Females,18 - 20,Total,741
1996,Females,21 - 24,Total,802
1996,Females,25 - 29,Total,1035
1996,Females,30 - 39,Total,1671
1996,Females,40 - 49,Total,1218
1996,Females,50 - 59,Total,482
1996,Females,60 - 69,Total,94
1996,Females,70 - 79,Total,30
1996,Females,80 -,Total,3
1996,Unknown,Total,Total,0
1996,Unknown,15 - 17,Total,0
1996,Unknown,18 - 20,Total,0
1996,Unknown,21 - 24,Total,0
1996,Unknown,25 - 29,Total,0
1996,Unknown,30 - 39,Total,0
1996,Unknown,40 - 49,Total,0
1996,Unknown,50 - 59,Total,0
1996,Unknown,60 - 69,Total,0
1996,Unknown,70 - 79,Total,0
1996,Unknown,80 -,Total,0
1997,Total,Total,Total,58229
1997,Total,15 - 17,Total,4087
1997,Total,18 - 20,Total,7480
1997,Total,21 - 24,Total,8079
1997,Total,25 - 29,Total,8136
1997,Total,30 - 39,Total,13550
1997,Total,40 - 49,Total,10554
1997,Total,50 - 59,Total,4690
1997,Total,60 - 69,Total,1336
1997,Total,70 - 79,Total,284
1997,Total,80 -,Total,33
1997,Males,Total,Total,51760
1997,Males,15 - 17,Total,3639
1997,Males,18 - 20,Total,6727
1997,Males,21 - 24,Total,7249
1997,Males,25 - 29,Total,7213
1997,Males,30 - 39,Total,11869
1997,Males,40 - 49,Total,9371
1997,Males,50 - 59,Total,4190
1997,Males,60 - 69,Total,1221
1997,Males,70 - 79,Total,251
1997,Males,80 -,Total,30
1997,Females,Total,Total,6469
1997,Females,15 - 17,Total,448
1997,Females,18 - 20,Total,753
1997,Females,21 - 24,Total,830
1997,Females,25 - 29,Total,923
1997,Females,30 - 39,Total,1681
1997,Females,40 - 49,Total,1183
1997,Females,50 - 59,Total,500
1997,Females,60 - 69,Total,115
1997,Females,70 - 79,Total,33
1997,Females,80 -,Total,3
1997,Unknown,Total,Total,0
1997,Unknown,15 - 17,Total,0
1997,Unknown,18 - 20,Total,0
1997,Unknown,21 - 24,Total,0
1997,Unknown,25 - 29,Total,0
1997,Unknown,30 - 39,Total,0
1997,Unknown,40 - 49,Total,0
1997,Unknown,50 - 59,Total,0
1997,Unknown,60 - 69,Total,0
1997,Unknown,70 - 79,Total,0
1997,Unknown,80 -,Total,0
1998,Total,Total,Total,58401
1998,Total,15 - 17,Total,3427
1998,Total,18 - 20,Total,7579
1998,Total,21 - 24,Total,8484
1998,Total,25 - 29,Total,7911
1998,Total,30 - 39,Total,13823
1998,Total,40 - 49,Total,10724
1998,Total,50 - 59,Total,4824
1998,Total,60 - 69,Total,1340
1998,Total,70 - 79,Total,268
1998,Total,80 -,Total,21
1998,Males,Total,Total,52149
1998,Males,15 - 17,Total,3076
1998,Males,18 - 20,Total,6826
1998,Males,21 - 24,Total,7599
1998,Males,25 - 29,Total,7095
1998,Males,30 - 39,Total,12181
1998,Males,40 - 49,Total,9547
1998,Males,50 - 59,Total,4329
1998,Males,60 - 69,Total,1233
1998,Males,70 - 79,Total,244
1998,Males,80 -,Total,19
1998,Females,Total,Total,6252
1998,Females,15 - 17,Total,351
1998,Females,18 - 20,Total,753
1998,Females,21 - 24,Total,885
1998,Females,25 - 29,Total,816
1998,Females,30 - 39,Total,1642
1998,Females,40 - 49,Total,1177
1998,Females,50 - 59,Total,495
1998,Females,60 - 69,Total,107
1998,Females,70 - 79,Total,24
1998,Females,80 -,Total,2
1998,Unknown,Total,Total,0
1998,Unknown,15 - 17,Total,0
1998,Unknown,18 - 20,Total,0
1998,Unknown,21 - 24,Total,0
1998,Unknown,25 - 29,Total,0
1998,Unknown,30 - 39,Total,0
1998,Unknown,40 - 49,Total,0
1998,Unknown,50 - 59,Total,0
1998,Unknown,60 - 69,Total,0
1998,Unknown,70 - 79,Total,0
1998,Unknown,80 -,Total,0
1999,Total,Total,Total,59021
1999,Total,15 - 17,Total,3490
1999,Total,18 - 20,Total,7747
1999,Total,21 - 24,Total,8930
1999,Total,25 - 29,Total,7805
1999,Total,30 - 39,Total,14022
1999,Total,40 - 49,Total,10206
1999,Total,50 - 59,Total,5133
1999,Total,60 - 69,Total,1395
1999,Total,70 - 79,Total,268
1999,Total,80 -,Total,25
1999,Males,Total,Total,52539
1999,Males,15 - 17,Total,3105
1999,Males,18 - 20,Total,6946
1999,Males,21 - 24,Total,7989
1999,Males,25 - 29,Total,6988
1999,Males,30 - 39,Total,12339
1999,Males,40 - 49,Total,9018
1999,Males,50 - 59,Total,4612
1999,Males,60 - 69,Total,1274
1999,Males,70 - 79,Total,246
1999,Males,80 -,Total,22
1999,Females,Total,Total,6482
1999,Females,15 - 17,Total,385
1999,Females,18 - 20,Total,801
1999,Females,21 - 24,Total,941
1999,Females,25 - 29,Total,817
1999,Females,30 - 39,Total,1683
1999,Females,40 - 49,Total,1188
1999,Females,50 - 59,Total,521
1999,Females,60 - 69,Total,121
1999,Females,70 - 79,Total,22
1999,Females,80 -,Total,3
1999,Unknown,Total,Total,0
1999,Unknown,15 - 17,Total,0
1999,Unknown,18 - 20,Total,0
1999,Unknown,21 - 24,Total,0
1999,Unknown,25 - 29,Total,0
1999,Unknown,30 - 39,Total,0
1999,Unknown,40 - 49,Total,0
1999,Unknown,50 - 59,Total,0
1999,Unknown,60 - 69,Total,0
1999,Unknown,70 - 79,Total,0
1999,Unknown,80 -,Total,0
2000,Total,Total,Total,64150
2000,Total,15 - 17,Total,4140
2000,Total,18 - 20,Total,8978
2000,Total,21 - 24,Total,9901
2000,Total,25 - 29,Total,8386
2000,Total,30 - 39,Total,14319
2000,Total,40 - 49,Total,10798
2000,Total,50 - 59,Total,5839
2000,Total,60 - 69,Total,1444
2000,Total,70 - 79,Total,312
2000,Total,80 -,Total,32
2000,Males,Total,Total,57046
2000,Males,15 - 17,Total,3695
2000,Males,18 - 20,Total,8031
2000,Males,21 - 24,Total,8947
2000,Males,25 - 29,Total,7476
2000,Males,30 - 39,Total,12540
2000,Males,40 - 49,Total,9497
2000,Males,50 - 59,Total,5238
2000,Males,60 - 69,Total,1300
2000,Males,70 - 79,Total,291
2000,Males,80 -,Total,30
2000,Females,Total,Total,7104
2000,Females,15 - 17,Total,445
2000,Females,18 - 20,Total,947
2000,Females,21 - 24,Total,954
2000,Females,25 - 29,Total,910
2000,Females,30 - 39,Total,1779
2000,Females,40 - 49,Total,1301
2000,Females,50 - 59,Total,601
2000,Females,60 - 69,Total,144
2000,Females,70 - 79,Total,21
2000,Females,80 -,Total,2
2000,Unknown,Total,Total,0
2000,Unknown,15 - 17,Total,0
2000,Unknown,18 - 20,Total,0
2000,Unknown,21 - 24,Total,0
2000,Unknown,25 - 29,Total,0
2000,Unknown,30 - 39,Total,0
2000,Unknown,40 - 49,Total,0
2000,Unknown,50 - 59,Total,0
2000,Unknown,60 - 69,Total,0
2000,Unknown,70 - 79,Total,0
2000,Unknown,80 -,Total,0
2001,Total,Total,Total,66119
2001,Total,15 - 17,Total,3994
2001,Total,18 - 20,Total,9377
2001,Total,21 - 24,Total,10445
2001,Total,25 - 29,Total,8725
2001,Total,30 - 39,Total,14374
2001,Total,40 - 49,Total,11065
2001,Total,50 - 59,Total,6281
2001,Total,60 - 69,Total,1485
2001,Total,70 - 79,Total,339
2001,Total,80 -,Total,34
2001,Males,Total,Total,58633
2001,Males,15 - 17,Total,3539
2001,Males,18 - 20,Total,8339
2001,Males,21 - 24,Total,9393
2001,Males,25 - 29,Total,7842
2001,Males,30 - 39,Total,12505
2001,Males,40 - 49,Total,9654
2001,Males,50 - 59,Total,5640
2001,Males,60 - 69,Total,1369
2001,Males,70 - 79,Total,323
2001,Males,80 -,Total,29
2001,Females,Total,Total,7486
2001,Females,15 - 17,Total,455
2001,Females,18 - 20,Total,1038
2001,Females,21 - 24,Total,1052
2001,Females,25 - 29,Total,883
2001,Females,30 - 39,Total,1869
2001,Females,40 - 49,Total,1411
2001,Females,50 - 59,Total,641
2001,Females,60 - 69,Total,116
2001,Females,70 - 79,Total,16
2001,Females,80 -,Total,5
2001,Unknown,Total,Total,0
2001,Unknown,15 - 17,Total,0
2001,Unknown,18 - 20,Total,0
2001,Unknown,21 - 24,Total,0
2001,Unknown,25 - 29,Total,0
2001,Unknown,30 - 39,Total,0
2001,Unknown,40 - 49,Total,0
2001,Unknown,50 - 59,Total,0
2001,Unknown,60 - 69,Total,0
2001,Unknown,70 - 79,Total,0
2001,Unknown,80 -,Total,0
2002,Total,Total,Total,64119
2002,Total,15 - 17,Total,3225
2002,Total,18 - 20,Total,8844
2002,Total,21 - 24,Total,9907
2002,Total,25 - 29,Total,8587
2002,Total,30 - 39,Total,14120
2002,Total,40 - 49,Total,10891
2002,Total,50 - 59,Total,6559
2002,Total,60 - 69,Total,1586
2002,Total,70 - 79,Total,371
2002,Total,80 -,Total,29
2002,Males,Total,Total,56531
2002,Males,15 - 17,Total,2818
2002,Males,18 - 20,Total,7874
2002,Males,21 - 24,Total,8790
2002,Males,25 - 29,Total,7669
2002,Males,30 - 39,Total,12231
2002,Males,40 - 49,Total,9463
2002,Males,50 - 59,Total,5874
2002,Males,60 - 69,Total,1445
2002,Males,70 - 79,Total,342
2002,Males,80 -,Total,25
2002,Females,Total,Total,7588
2002,Females,15 - 17,Total,407
2002,Females,18 - 20,Total,970
2002,Females,21 - 24,Total,1117
2002,Females,25 - 29,Total,918
2002,Females,30 - 39,Total,1889
2002,Females,40 - 49,Total,1428
2002,Females,50 - 59,Total,685
2002,Females,60 - 69,Total,141
2002,Females,70 - 79,Total,29
2002,Females,80 -,Total,4
2002,Unknown,Total,Total,0
2002,Unknown,15 - 17,Total,0
2002,Unknown,18 - 20,Total,0
2002,Unknown,21 - 24,Total,0
2002,Unknown,25 - 29,Total,0
2002,Unknown,30 - 39,Total,0
2002,Unknown,40 - 49,Total,0
2002,Unknown,50 - 59,Total,0
2002,Unknown,60 - 69,Total,0
2002,Unknown,70 - 79,Total,0
2002,Unknown,80 -,Total,0
2003,Total,Total,Total,64031
2003,Total,15 - 17,Total,3097
2003,Total,18 - 20,Total,8550
2003,Total,21 - 24,Total,10023
2003,Total,25 - 29,Total,8924
2003,Total,30 - 39,Total,13652
2003,Total,40 - 49,Total,10881
2003,Total,50 - 59,Total,6833
2003,Total,60 - 69,Total,1660
2003,Total,70 - 79,Total,363
2003,Total,80 -,Total,48
2003,Males,Total,Total,56417
2003,Males,15 - 17,Total,2693
2003,Males,18 - 20,Total,7510
2003,Males,21 - 24,Total,8871
2003,Males,25 - 29,Total,8015
2003,Males,30 - 39,Total,11936
2003,Males,40 - 49,Total,9423
2003,Males,50 - 59,Total,6073
2003,Males,60 - 69,Total,1520
2003,Males,70 - 79,Total,332
2003,Males,80 -,Total,44
2003,Females,Total,Total,7614
2003,Females,15 - 17,Total,404
2003,Females,18 - 20,Total,1040
2003,Females,21 - 24,Total,1152
2003,Females,25 - 29,Total,909
2003,Females,30 - 39,Total,1716
2003,Females,40 - 49,Total,1458
2003,Females,50 - 59,Total,760
2003,Females,60 - 69,Total,140
2003,Females,70 - 79,Total,31
2003,Females,80 -,Total,4
2003,Unknown,Total,Total,0
2003,Unknown,15 - 17,Total,0
2003,Unknown,18 - 20,Total,0
2003,Unknown,21 - 24,Total,0
2003,Unknown,25 - 29,Total,0
2003,Unknown,30 - 39,Total,0
2003,Unknown,40 - 49,Total,0
2003,Unknown,50 - 59,Total,0
2003,Unknown,60 - 69,Total,0
2003,Unknown,70 - 79,Total,0
2003,Unknown,80 -,Total,0
2004,Total,Total,Total,69022
2004,Total,15 - 17,Total,3438
2004,Total,18 - 20,Total,8760
2004,Total,21 - 24,Total,10637
2004,Total,25 - 29,Total,9565
2004,Total,30 - 39,Total,14421
2004,Total,40 - 49,Total,11836
2004,Total,50 - 59,Total,7796
2004,Total,60 - 69,Total,2066
2004,Total,70 - 79,Total,454
2004,Total,80 -,Total,49
2004,Males,Total,Total,60367
2004,Males,15 - 17,Total,2987
2004,Males,18 - 20,Total,7656
2004,Males,21 - 24,Total,9287
2004,Males,25 - 29,Total,8538
2004,Males,30 - 39,Total,12459
2004,Males,40 - 49,Total,10177
2004,Males,50 - 59,Total,6950
2004,Males,60 - 69,Total,1865
2004,Males,70 - 79,Total,405
2004,Males,80 -,Total,43
2004,Females,Total,Total,8655
2004,Females,15 - 17,Total,451
2004,Females,18 - 20,Total,1104
2004,Females,21 - 24,Total,1350
2004,Females,25 - 29,Total,1027
2004,Females,30 - 39,Total,1962
2004,Females,40 - 49,Total,1659
2004,Females,50 - 59,Total,846
2004,Females,60 - 69,Total,201
2004,Females,70 - 79,Total,49
2004,Females,80 -,Total,6
2004,Unknown,Total,Total,0
2004,Unknown,15 - 17,Total,0
2004,Unknown,18 - 20,Total,0
2004,Unknown,21 - 24,Total,0
2004,Unknown,25 - 29,Total,0
2004,Unknown,30 - 39,Total,0
2004,Unknown,40 - 49,Total,0
2004,Unknown,50 - 59,Total,0
2004,Unknown,60 - 69,Total,0
2004,Unknown,70 - 79,Total,0
2004,Unknown,80 -,Total,0
2005,Total,Total,Total,67068
2005,Total,15 - 17,Total,3363
2005,Total,18 - 20,Total,7821
2005,Total,21 - 24,Total,10268
2005,Total,25 - 29,Total,9393
2005,Total,30 - 39,Total,14012
2005,Total,40 - 49,Total,11728
2005,Total,50 - 59,Total,7869
2005,Total,60 - 69,Total,2126
2005,Total,70 - 79,Total,435
2005,Total,80 -,Total,53
2005,Males,Total,Total,58307
2005,Males,15 - 17,Total,2873
2005,Males,18 - 20,Total,6767
2005,Males,21 - 24,Total,8934
2005,Males,25 - 29,Total,8300
2005,Males,30 - 39,Total,12101
2005,Males,40 - 49,Total,10033
2005,Males,50 - 59,Total,6929
2005,Males,60 - 69,Total,1928
2005,Males,70 - 79,Total,396
2005,Males,80 -,Total,46
2005,Females,Total,Total,8761
2005,Females,15 - 17,Total,490
2005,Females,18 - 20,Total,1054
2005,Females,21 - 24,Total,1334
2005,Females,25 - 29,Total,1093
2005,Females,30 - 39,Total,1911
2005,Females,40 - 49,Total,1695
2005,Females,50 - 59,Total,940
2005,Females,60 - 69,Total,198
2005,Females,70 - 79,Total,39
2005,Females,80 -,Total,7
2005,Unknown,Total,Total,0
2005,Unknown,15 - 17,Total,0
2005,Unknown,18 - 20,Total,0
2005,Unknown,21 - 24,Total,0
2005,Unknown,25 - 29,Total,0
2005,Unknown,30 - 39,Total,0
2005,Unknown,40 - 49,Total,0
2005,Unknown,50 - 59,Total,0
2005,Unknown,60 - 69,Total,0
2005,Unknown,70 - 79,Total,0
2005,Unknown,80 -,Total,0
2006,Total,Total,Total,64470
2006,Total,15 - 17,Total,3108
2006,Total,18 - 20,Total,7031
2006,Total,21 - 24,Total,9893
2006,Total,25 - 29,Total,9297
2006,Total,30 - 39,Total,13526
2006,Total,40 - 49,Total,11237
2006,Total,50 - 59,Total,7541
2006,Total,60 - 69,Total,2312
2006,Total,70 - 79,Total,466
2006,Total,80 -,Total,59
2006,Males,Total,Total,55942
2006,Males,15 - 17,Total,2681
2006,Males,18 - 20,Total,5977
2006,Males,21 - 24,Total,8586
2006,Males,25 - 29,Total,8204
2006,Males,30 - 39,Total,11737
2006,Males,40 - 49,Total,9603
2006,Males,50 - 59,Total,6637
2006,Males,60 - 69,Total,2034
2006,Males,70 - 79,Total,432
2006,Males,80 -,Total,51
2006,Females,Total,Total,8528
2006,Females,15 - 17,Total,427
2006,Females,18 - 20,Total,1054
2006,Females,21 - 24,Total,1307
2006,Females,25 - 29,Total,1093
2006,Females,30 - 39,Total,1789
2006,Females,40 - 49,Total,1634
2006,Females,50 - 59,Total,904
2006,Females,60 - 69,Total,278
2006,Females,70 - 79,Total,34
2006,Females,80 -,Total,8
2006,Unknown,Total,Total,0
2006,Unknown,15 - 17,Total,0
2006,Unknown,18 - 20,Total,0
2006,Unknown,21 - 24,Total,0
2006,Unknown,25 - 29,Total,0
2006,Unknown,30 - 39,Total,0
2006,Unknown,40 - 49,Total,0
2006,Unknown,50 - 59,Total,0
2006,Unknown,60 - 69,Total,0
2006,Unknown,70 - 79,Total,0
2006,Unknown,80 -,Total,0
2007,Total,Total,Total,64129
2007,Total,15 - 17,Total,2896
2007,Total,18 - 20,Total,7251
2007,Total,21 - 24,Total,9483
2007,Total,25 - 29,Total,9059
2007,Total,30 - 39,Total,13374
2007,Total,40 - 49,Total,11359
2007,Total,50 - 59,Total,7650
2007,Total,60 - 69,Total,2518
2007,Total,70 - 79,Total,475
2007,Total,80 -,Total,64
2007,Males,Total,Total,55530
2007,Males,15 - 17,Total,2468
2007,Males,18 - 20,Total,6194
2007,Males,21 - 24,Total,8269
2007,Males,25 - 29,Total,7920
2007,Males,30 - 39,Total,11652
2007,Males,40 - 49,Total,9588
2007,Males,50 - 59,Total,6682
2007,Males,60 - 69,Total,2266
2007,Males,70 - 79,Total,430
2007,Males,80 -,Total,61
2007,Females,Total,Total,8599
2007,Females,15 - 17,Total,428
2007,Females,18 - 20,Total,1057
2007,Females,21 - 24,Total,1214
2007,Females,25 - 29,Total,1139
2007,Females,30 - 39,Total,1722
2007,Females,40 - 49,Total,1771
2007,Females,50 - 59,Total,968
2007,Females,60 - 69,Total,252
2007,Females,70 - 79,Total,45
2007,Females,80 -,Total,3
2007,Unknown,Total,Total,0
2007,Unknown,15 - 17,Total,0
2007,Unknown,18 - 20,Total,0
2007,Unknown,21 - 24,Total,0
2007,Unknown,25 - 29,Total,0
2007,Unknown,30 - 39,Total,0
2007,Unknown,40 - 49,Total,0
2007,Unknown,50 - 59,Total,0
2007,Unknown,60 - 69,Total,0
2007,Unknown,70 - 79,Total,0
2007,Unknown,80 -,Total,0
2008,Total,Total,Total,64725
2008,Total,15 - 17,Total,2945
2008,Total,18 - 20,Total,7107
2008,Total,21 - 24,Total,9464
2008,Total,25 - 29,Total,9328
2008,Total,30 - 39,Total,13259
2008,Total,40 - 49,Total,11486
2008,Total,50 - 59,Total,7628
2008,Total,60 - 69,Total,2898
2008,Total,70 - 79,Total,532
2008,Total,80 -,Total,78
2008,Males,Total,Total,55797
2008,Males,15 - 17,Total,2504
2008,Males,18 - 20,Total,6147
2008,Males,21 - 24,Total,8124
2008,Males,25 - 29,Total,8157
2008,Males,30 - 39,Total,11462
2008,Males,40 - 49,Total,9642
2008,Males,50 - 59,Total,6631
2008,Males,60 - 69,Total,2594
2008,Males,70 - 79,Total,464
2008,Males,80 -,Total,72
2008,Females,Total,Total,8928
2008,Females,15 - 17,Total,441
2008,Females,18 - 20,Total,960
2008,Females,21 - 24,Total,1340
2008,Females,25 - 29,Total,1171
2008,Females,30 - 39,Total,1797
2008,Females,40 - 49,Total,1844
2008,Females,50 - 59,Total,997
2008,Females,60 - 69,Total,304
2008,Females,70 - 79,Total,68
2008,Females,80 -,Total,6
2008,Unknown,Total,Total,0
2008,Unknown,15 - 17,Total,0
2008,Unknown,18 - 20,Total,0
2008,Unknown,21 - 24,Total,0
2008,Unknown,25 - 29,Total,0
2008,Unknown,30 - 39,Total,0
2008,Unknown,40 - 49,Total,0
2008,Unknown,50 - 59,Total,0
2008,Unknown,60 - 69,Total,0
2008,Unknown,70 - 79,Total,0
2008,Unknown,80 -,Total,0
2009,Total,Total,Total,63730
2009,Total,15 - 17,Total,2787
2009,Total,18 - 20,Total,7089
2009,Total,21 - 24,Total,8856
2009,Total,25 - 29,Total,9596
2009,Total,30 - 39,Total,13336
2009,Total,40 - 49,Total,11244
2009,Total,50 - 59,Total,7297
2009,Total,60 - 69,Total,2927
2009,Total,70 - 79,Total,521
2009,Total,80 -,Total,77
2009,Males,Total,Total,54504
2009,Males,15 - 17,Total,2351
2009,Males,18 - 20,Total,5960
2009,Males,21 - 24,Total,7485
2009,Males,25 - 29,Total,8268
2009,Males,30 - 39,Total,11522
2009,Males,40 - 49,Total,9468
2009,Males,50 - 59,Total,6336
2009,Males,60 - 69,Total,2597
2009,Males,70 - 79,Total,454
2009,Males,80 -,Total,63
2009,Females,Total,Total,9226
2009,Females,15 - 17,Total,436
2009,Females,18 - 20,Total,1129
2009,Females,21 - 24,Total,1371
2009,Females,25 - 29,Total,1328
2009,Females,30 - 39,Total,1814
2009,Females,40 - 49,Total,1776
2009,Females,50 - 59,Total,961
2009,Females,60 - 69,Total,330
2009,Females,70 - 79,Total,67
2009,Females,80 -,Total,14
2009,Unknown,Total,Total,0
2009,Unknown,15 - 17,Total,0
2009,Unknown,18 - 20,Total,0
2009,Unknown,21 - 24,Total,0
2009,Unknown,25 - 29,Total,0
2009,Unknown,30 - 39,Total,0
2009,Unknown,40 - 49,Total,0
2009,Unknown,50 - 59,Total,0
2009,Unknown,60 - 69,Total,0
2009,Unknown,70 - 79,Total,0
2009,Unknown,80 -,Total,0
2010,Total,Total,Total,61179
2010,Total,15 - 17,Total,2665
2010,Total,18 - 20,Total,6856
2010,Total,21 - 24,Total,8356
2010,Total,25 - 29,Total,9413
2010,Total,30 - 39,Total,13037
2010,Total,40 - 49,Total,10624
2010,Total,50 - 59,Total,6734
2010,Total,60 - 69,Total,2924
2010,Total,70 - 79,Total,497
2010,Total,80 -,Total,73
2010,Males,Total,Total,52053
2010,Males,15 - 17,Total,2222
2010,Males,18 - 20,Total,5838
2010,Males,21 - 24,Total,7014
2010,Males,25 - 29,Total,8052
2010,Males,30 - 39,Total,11250
2010,Males,40 - 49,Total,8864
2010,Males,50 - 59,Total,5743
2010,Males,60 - 69,Total,2567
2010,Males,70 - 79,Total,439
2010,Males,80 -,Total,64
2010,Females,Total,Total,9126
2010,Females,15 - 17,Total,443
2010,Females,18 - 20,Total,1018
2010,Females,21 - 24,Total,1342
2010,Females,25 - 29,Total,1361
2010,Females,30 - 39,Total,1787
2010,Females,40 - 49,Total,1760
2010,Females,50 - 59,Total,991
2010,Females,60 - 69,Total,357
2010,Females,70 - 79,Total,58
2010,Females,80 -,Total,9
2010,Unknown,Total,Total,0
2010,Unknown,15 - 17,Total,0
2010,Unknown,18 - 20,Total,0
2010,Unknown,21 - 24,Total,0
2010,Unknown,25 - 29,Total,0
2010,Unknown,30 - 39,Total,0
2010,Unknown,40 - 49,Total,0
2010,Unknown,50 - 59,Total,0
2010,Unknown,60 - 69,Total,0
2010,Unknown,70 - 79,Total,0
2010,Unknown,80 -,Total,0
2011,Total,Total,Total,61332
2011,Total,15 - 17,Total,2812
2011,Total,18 - 20,Total,6649
2011,Total,21 - 24,Total,8492
2011,Total,25 - 29,Total,9365
2011,Total,30 - 39,Total,13230
2011,Total,40 - 49,Total,10530
2011,Total,50 - 59,Total,6625
2011,Total,60 - 69,Total,2969
2011,Total,70 - 79,Total,564
2011,Total,80 -,Total,96
2011,Males,Total,Total,51924
2011,Males,15 - 17,Total,2336
2011,Males,18 - 20,Total,5629
2011,Males,21 - 24,Total,7140
2011,Males,25 - 29,Total,7933
2011,Males,30 - 39,Total,11328
2011,Males,40 - 49,Total,8790
2011,Males,50 - 59,Total,5594
2011,Males,60 - 69,Total,2592
2011,Males,70 - 79,Total,497
2011,Males,80 -,Total,85
2011,Females,Total,Total,9408
2011,Females,15 - 17,Total,476
2011,Females,18 - 20,Total,1020
2011,Females,21 - 24,Total,1352
2011,Females,25 - 29,Total,1432
2011,Females,30 - 39,Total,1902
2011,Females,40 - 49,Total,1740
2011,Females,50 - 59,Total,1031
2011,Females,60 - 69,Total,377
2011,Females,70 - 79,Total,67
2011,Females,80 -,Total,11
2011,Unknown,Total,Total,0
2011,Unknown,15 - 17,Total,0
2011,Unknown,18 - 20,Total,0
2011,Unknown,21 - 24,Total,0
2011,Unknown,25 - 29,Total,0
2011,Unknown,30 - 39,Total,0
2011,Unknown,40 - 49,Total,0
2011,Unknown,50 - 59,Total,0
2011,Unknown,60 - 69,Total,0
2011,Unknown,70 - 79,Total,0
2011,Unknown,80 -,Total,0
2012,Total,Total,Total,60158
2012,Total,15 - 17,Total,2353
2012,Total,18 - 20,Total,6309
2012,Total,21 - 24,Total,8337
2012,Total,25 - 29,Total,8909
2012,Total,30 - 39,Total,13406
2012,Total,40 - 49,Total,10516
2012,Total,50 - 59,Total,6715
2012,Total,60 - 69,Total,2920
2012,Total,70 - 79,Total,604
2012,Total,80 -,Total,89
2012,Males,Total,Total,50736
2012,Males,15 - 17,Total,1961
2012,Males,18 - 20,Total,5288
2012,Males,21 - 24,Total,7085
2012,Males,25 - 29,Total,7498
2012,Males,30 - 39,Total,11394
2012,Males,40 - 49,Total,8653
2012,Males,50 - 59,Total,5693
2012,Males,60 - 69,Total,2553
2012,Males,70 - 79,Total,528
2012,Males,80 -,Total,83
2012,Females,Total,Total,9422
2012,Females,15 - 17,Total,392
2012,Females,18 - 20,Total,1021
2012,Females,21 - 24,Total,1252
2012,Females,25 - 29,Total,1411
2012,Females,30 - 39,Total,2012
2012,Females,40 - 49,Total,1863
2012,Females,50 - 59,Total,1022
2012,Females,60 - 69,Total,367
2012,Females,70 - 79,Total,76
2012,Females,80 -,Total,6
2012,Unknown,Total,Total,0
2012,Unknown,15 - 17,Total,0
2012,Unknown,18 - 20,Total,0
2012,Unknown,21 - 24,Total,0
2012,Unknown,25 - 29,Total,0
2012,Unknown,30 - 39,Total,0
2012,Unknown,40 - 49,Total,0
2012,Unknown,50 - 59,Total,0
2012,Unknown,60 - 69,Total,0
2012,Unknown,70 - 79,Total,0
2012,Unknown,80 -,Total,0
2013,Total,Total,Total,55914
2013,Total,15 - 17,Total,2031
2013,Total,18 - 20,Total,5635
2013,Total,21 - 24,Total,8081
2013,Total,25 - 29,Total,8413
2013,Total,30 - 39,Total,12795
2013,Total,40 - 49,Total,9188
2013,Total,50 - 59,Total,6250
2013,Total,60 - 69,Total,2883
2013,Total,70 - 79,Total,546
2013,Total,80 -,Total,92
2013,Males,Total,Total,46924
2013,Males,15 - 17,Total,1689
2013,Males,18 - 20,Total,4769
2013,Males,21 - 24,Total,6771
2013,Males,25 - 29,Total,7050
2013,Males,30 - 39,Total,10804
2013,Males,40 - 49,Total,7565
2013,Males,50 - 59,Total,5234
2013,Males,60 - 69,Total,2497
2013,Males,70 - 79,Total,463
2013,Males,80 -,Total,82
2013,Females,Total,Total,8952
2013,Females,15 - 17,Total,340
2013,Females,18 - 20,Total,864
2013,Females,21 - 24,Total,1304
2013,Females,25 - 29,Total,1353
2013,Females,30 - 39,Total,1977
2013,Females,40 - 49,Total,1619
2013,Females,50 - 59,Total,1016
2013,Females,60 - 69,Total,386
2013,Females,70 - 79,Total,83
2013,Females,80 -,Total,10
2013,Unknown,Total,Total,38
2013,Unknown,15 - 17,Total,2
2013,Unknown,18 - 20,Total,2
2013,Unknown,21 - 24,Total,6
2013,Unknown,25 - 29,Total,10
2013,Unknown,30 - 39,Total,14
2013,Unknown,40 - 49,Total,4
2013,Unknown,50 - 59,Total,0
2013,Unknown,60 - 69,Total,0
2013,Unknown,70 - 79,Total,0
2013,Unknown,80 -,Total,0
2014,Total,Total,Total,55243
2014,Total,15 - 17,Total,1784
2014,Total,18 - 20,Total,5364
2014,Total,21 - 24,Total,7701
2014,Total,25 - 29,Total,7983
2014,Total,30 - 39,Total,13152
2014,Total,40 - 49,Total,9261
2014,Total,50 - 59,Total,6387
2014,Total,60 - 69,Total,2925
2014,Total,70 - 79,Total,582
2014,Total,80 -,Total,104
2014,Males,Total,Total,46029
2014,Males,15 - 17,Total,1474
2014,Males,18 - 20,Total,4466
2014,Males,21 - 24,Total,6465
2014,Males,25 - 29,Total,6598
2014,Males,30 - 39,Total,11037
2014,Males,40 - 49,Total,7560
2014,Males,50 - 59,Total,5306
2014,Males,60 - 69,Total,2534
2014,Males,70 - 79,Total,497
2014,Males,80 -,Total,92
2014,Females,Total,Total,9154
2014,Females,15 - 17,Total,310
2014,Females,18 - 20,Total,892
2014,Females,21 - 24,Total,1229
2014,Females,25 - 29,Total,1372
2014,Females,30 - 39,Total,2092
2014,Females,40 - 49,Total,1694
2014,Females,50 - 59,Total,1077
2014,Females,60 - 69,Total,391
2014,Females,70 - 79,Total,85
2014,Females,80 -,Total,12
2014,Unknown,Total,Total,60
2014,Unknown,15 - 17,Total,0
2014,Unknown,18 - 20,Total,6
2014,Unknown,21 - 24,Total,7
2014,Unknown,25 - 29,Total,13
2014,Unknown,30 - 39,Total,23
2014,Unknown,40 - 49,Total,7
2014,Unknown,50 - 59,Total,4
2014,Unknown,60 - 69,Total,0
2014,Unknown,70 - 79,Total,0
2014,Unknown,80 -,Total,0
2015,Total,Total,Total,53510
2015,Total,15 - 17,Total,1608
2015,Total,18 - 20,Total,5005
2015,Total,21 - 24,Total,7470
2015,Total,25 - 29,Total,8061
2015,Total,30 - 39,Total,12998
2015,Total,40 - 49,Total,8830
2015,Total,50 - 59,Total,6006
2015,Total,60 - 69,Total,2798
2015,Total,70 - 79,Total,634
2015,Total,80 -,Total,100
2015,Males,Total,Total,44476
2015,Males,15 - 17,Total,1369
2015,Males,18 - 20,Total,4209
2015,Males,21 - 24,Total,6199
2015,Males,25 - 29,Total,6592
2015,Males,30 - 39,Total,10879
2015,Males,40 - 49,Total,7224
2015,Males,50 - 59,Total,4967
2015,Males,60 - 69,Total,2401
2015,Males,70 - 79,Total,553
2015,Males,80 -,Total,83
2015,Females,Total,Total,9013
2015,Females,15 - 17,Total,239
2015,Females,18 - 20,Total,793
2015,Females,21 - 24,Total,1266
2015,Females,25 - 29,Total,1466
2015,Females,30 - 39,Total,2114
2015,Females,40 - 49,Total,1601
2015,Females,50 - 59,Total,1039
2015,Females,60 - 69,Total,397
2015,Females,70 - 79,Total,81
2015,Females,80 -,Total,17
2015,Unknown,Total,Total,21
2015,Unknown,15 - 17,Total,0
2015,Unknown,18 - 20,Total,3
2015,Unknown,21 - 24,Total,5
2015,Unknown,25 - 29,Total,3
2015,Unknown,30 - 39,Total,5
2015,Unknown,40 - 49,Total,5
2015,Unknown,50 - 59,Total,0
2015,Unknown,60 - 69,Total,0
2015,Unknown,70 - 79,Total,0
2015,Unknown,80 -,Total,0
2016,Total,Total,Total,51153
2016,Total,15 - 17,Total,1522
2016,Total,18 - 20,Total,4599
2016,Total,21 - 24,Total,7038
2016,Total,25 - 29,Total,7618
2016,Total,30 - 39,Total,12638
2016,Total,40 - 49,Total,8371
2016,Total,50 - 59,Total,5858
2016,Total,60 - 69,Total,2729
2016,Total,70 - 79,Total,680
2016,Total,80 -,Total,96
2016,Males,Total,Total,42384
2016,Males,15 - 17,Total,1260
2016,Males,18 - 20,Total,3916
2016,Males,21 - 24,Total,5779
2016,Males,25 - 29,Total,6225
2016,Males,30 - 39,Total,10494
2016,Males,40 - 49,Total,6890
2016,Males,50 - 59,Total,4816
2016,Males,60 - 69,Total,2324
2016,Males,70 - 79,Total,596
2016,Males,80 -,Total,80
2016,Females,Total,Total,8750
2016,Females,15 - 17,Total,262
2016,Females,18 - 20,Total,682
2016,Females,21 - 24,Total,1251
2016,Females,25 - 29,Total,1390
2016,Females,30 - 39,Total,2140
2016,Females,40 - 49,Total,1478
2016,Females,50 - 59,Total,1042
2016,Females,60 - 69,Total,405
2016,Females,70 - 79,Total,84
2016,Females,80 -,Total,16
2016,Unknown,Total,Total,19
2016,Unknown,15 - 17,Total,0
2016,Unknown,18 - 20,Total,1
2016,Unknown,21 - 24,Total,8
2016,Unknown,25 - 29,Total,3
2016,Unknown,30 - 39,Total,4
2016,Unknown,40 - 49,Total,3
2016,Unknown,50 - 59,Total,0
2016,Unknown,60 - 69,Total,0
2016,Unknown,70 - 79,Total,0
2016,Unknown,80 -,Total,0
2017,Total,Total,Total,50004
2017,Total,15 - 17,Total,1501
2017,Total,18 - 20,Total,4502
2017,Total,21 - 24,Total,6766
2017,Total,25 - 29,Total,7608
2017,Total,30 - 39,Total,12502
2017,Total,40 - 49,Total,8177
2017,Total,50 - 59,Total,5485
2017,Total,60 - 69,Total,2628
2017,Total,70 - 79,Total,721
2017,Total,80 -,Total,103
2017,Males,Total,Total,41512
2017,Males,15 - 17,Total,1247
2017,Males,18 - 20,Total,3810
2017,Males,21 - 24,Total,5701
2017,Males,25 - 29,Total,6169
2017,Males,30 - 39,Total,10353
2017,Males,40 - 49,Total,6714
2017,Males,50 - 59,Total,4545
2017,Males,60 - 69,Total,2256
2017,Males,70 - 79,Total,624
2017,Males,80 -,Total,85
2017,Females,Total,Total,8453
2017,Females,15 - 17,Total,254
2017,Females,18 - 20,Total,688
2017,Females,21 - 24,Total,1058
2017,Females,25 - 29,Total,1431
2017,Females,30 - 39,Total,2138
2017,Females,40 - 49,Total,1458
2017,Females,50 - 59,Total,938
2017,Females,60 - 69,Total,372
2017,Females,70 - 79,Total,97
2017,Females,80 -,Total,18
2017,Unknown,Total,Total,39
2017,Unknown,15 - 17,Total,0
2017,Unknown,18 - 20,Total,4
2017,Unknown,21 - 24,Total,7
2017,Unknown,25 - 29,Total,8
2017,Unknown,30 - 39,Total,11
2017,Unknown,40 - 49,Total,5
2017,Unknown,50 - 59,Total,2
2017,Unknown,60 - 69,Total,0
2017,Unknown,70 - 79,Total,0
2017,Unknown,80 -,Total,0
2018,Total,Total,Total,53405
2018,Total,15 - 17,Total,1475
2018,Total,18 - 20,Total,4847
2018,Total,21 - 24,Total,7498
2018,Total,25 - 29,Total,8145
2018,Total,30 - 39,Total,13853
2018,Total,40 - 49,Total,8643
2018,Total,50 - 59,Total,5603
2018,Total,60 - 69,Total,2497
2018,Total,70 - 79,Total,721
2018,Total,80 -,Total,105
2018,Males,Total,Total,44003
2018,Males,15 - 17,Total,1220
2018,Males,18 - 20,Total,4031
2018,Males,21 - 24,Total,6232
2018,Males,25 - 29,Total,6648
2018,Males,30 - 39,Total,11397
2018,Males,40 - 49,Total,7125
2018,Males,50 - 59,Total,4503
2018,Males,60 - 69,Total,2130
2018,Males,70 - 79,Total,613
2018,Males,80 -,Total,90
2018,Females,Total,Total,9347
2018,Females,15 - 17,Total,255
2018,Females,18 - 20,Total,809
2018,Females,21 - 24,Total,1255
2018,Females,25 - 29,Total,1482
2018,Females,30 - 39,Total,2450
2018,Females,40 - 49,Total,1508
2018,Females,50 - 59,Total,1097
2018,Females,60 - 69,Total,366
2018,Females,70 - 79,Total,108
2018,Females,80 -,Total,15
2018,Unknown,Total,Total,55
2018,Unknown,15 - 17,Total,0
2018,Unknown,18 - 20,Total,7
2018,Unknown,21 - 24,Total,11
2018,Unknown,25 - 29,Total,15
2018,Unknown,30 - 39,Total,6
2018,Unknown,40 - 49,Total,10
2018,Unknown,50 - 59,Total,3
2018,Unknown,60 - 69,Total,1
2018,Unknown,70 - 79,Total,0
2018,Unknown,80 -,Total,0
2019,Total,Total,Total,52731
2019,Total,15 - 17,Total,1430
2019,Total,18 - 20,Total,4791
2019,Total,21 - 24,Total,7224
2019,Total,25 - 29,Total,8119
2019,Total,30 - 39,Total,13816
2019,Total,40 - 49,Total,8726
2019,Total,50 - 59,Total,5399
2019,Total,60 - 69,Total,2357
2019,Total,70 - 79,Total,727
2019,Total,80 -,Total,106
2019,Males,Total,Total,43191
2019,Males,15 - 17,Total,1155
2019,Males,18 - 20,Total,3960
2019,Males,21 - 24,Total,5938
2019,Males,25 - 29,Total,6691
2019,Males,30 - 39,Total,11259
2019,Males,40 - 49,Total,7187
2019,Males,50 - 59,Total,4317
2019,Males,60 - 69,Total,1956
2019,Males,70 - 79,Total,620
2019,Males,80 -,Total,81
2019,Females,Total,Total,9442
2019,Females,15 - 17,Total,275
2019,Females,18 - 20,Total,827
2019,Females,21 - 24,Total,1263
2019,Females,25 - 29,Total,1412
2019,Females,30 - 39,Total,2524
2019,Females,40 - 49,Total,1529
2019,Females,50 - 59,Total,1077
2019,Females,60 - 69,Total,399
2019,Females,70 - 79,Total,107
2019,Females,80 -,Total,25
2019,Unknown,Total,Total,98
2019,Unknown,15 - 17,Total,0
2019,Unknown,18 - 20,Total,4
2019,Unknown,21 - 24,Total,23
2019,Unknown,25 - 29,Total,16
2019,Unknown,30 - 39,Total,33
2019,Unknown,40 - 49,Total,10
2019,Unknown,50 - 59,Total,5
2019,Unknown,60 - 69,Total,2
2019,Unknown,70 - 79,Total,0
2019,Unknown,80 -,Total,0
2020,Total,Total,Total,47763
2020,Total,15 - 17,Total,1413
2020,Total,18 - 20,Total,4652
2020,Total,21 - 24,Total,6585
2020,Total,25 - 29,Total,7557
2020,Total,30 - 39,Total,12290
2020,Total,40 - 49,Total,7706
2020,Total,50 - 59,Total,4727
2020,Total,60 - 69,Total,2042
2020,Total,70 - 79,Total,660
2020,Total,80 -,Total,96
2020,Males,Total,Total,39175
2020,Males,15 - 17,Total,1193
2020,Males,18 - 20,Total,3908
2020,Males,21 - 24,Total,5419
2020,Males,25 - 29,Total,6187
2020,Males,30 - 39,Total,9922
2020,Males,40 - 49,Total,6318
2020,Males,50 - 59,Total,3868
2020,Males,60 - 69,Total,1696
2020,Males,70 - 79,Total,546
2020,Males,80 -,Total,85
2020,Females,Total,Total,8534
2020,Females,15 - 17,Total,220
2020,Females,18 - 20,Total,742
2020,Females,21 - 24,Total,1155
2020,Females,25 - 29,Total,1359
2020,Females,30 - 39,Total,2347
2020,Females,40 - 49,Total,1380
2020,Females,50 - 59,Total,858
2020,Females,60 - 69,Total,346
2020,Females,70 - 79,Total,114
2020,Females,80 -,Total,11
2020,Unknown,Total,Total,54
2020,Unknown,15 - 17,Total,0
2020,Unknown,18 - 20,Total,2
2020,Unknown,21 - 24,Total,11
2020,Unknown,25 - 29,Total,11
2020,Unknown,30 - 39,Total,21
2020,Unknown,40 - 49,Total,8
2020,Unknown,50 - 59,Total,1
2020,Unknown,60 - 69,Total,0
2020,Unknown,70 - 79,Total,0
2020,Unknown,80 -,Total,0
2021,Total,Total,Total,52318
2021,Total,15 - 17,Total,1526
2021,Total,18 - 20,Total,4726
2021,Total,21 - 24,Total,7071
2021,Total,25 - 29,Total,8620
2021,Total,30 - 39,Total,13708
2021,Total,40 - 49,Total,8515
2021,Total,50 - 59,Total,5128
2021,Total,60 - 69,Total,2195
2021,Total,70 - 79,Total,686
2021,Total,80 -,Total,108
2021,Males,Total,Total,42720
2021,Males,15 - 17,Total,1299
2021,Males,18 - 20,Total,3898
2021,Males,21 - 24,Total,5741
2021,Males,25 - 29,Total,6998
2021,Males,30 - 39,Total,11148
2021,Males,40 - 49,Total,6950
2021,Males,50 - 59,Total,4203
2021,Males,60 - 69,Total,1795
2021,Males,70 - 79,Total,565
2021,Males,80 -,Total,92
2021,Females,Total,Total,9557
2021,Females,15 - 17,Total,227
2021,Females,18 - 20,Total,828
2021,Females,21 - 24,Total,1325
2021,Females,25 - 29,Total,1609
2021,Females,30 - 39,Total,2548
2021,Females,40 - 49,Total,1558
2021,Females,50 - 59,Total,924
2021,Females,60 - 69,Total,399
2021,Females,70 - 79,Total,121
2021,Females,80 -,Total,16
2021,Unknown,Total,Total,41
2021,Unknown,15 - 17,Total,0
2021,Unknown,18 - 20,Total,0
2021,Unknown,21 - 24,Total,5
2021,Unknown,25 - 29,Total,13
2021,Unknown,30 - 39,Total,12
2021,Unknown,40 - 49,Total,7
2021,Unknown,50 - 59,Total,1
2021,Unknown,60 - 69,Total,1
2021,Unknown,70 - 79,Total,0
2021,Unknown,80 -,Total,0
